일자,순위,카테고리,브랜드,상품명,가격
2026-08-29,1,데일리 뷰티,アヌア,【期間限定】【最大62％OFF】 夕暮れのオータムファンタジーセット 全10種,5600
2026-08-29,2,데일리 뷰티,メディキューブ,"【最大61%OFF】肌で読む, 秋の物語（全8種）",5600
2026-08-29,3,데일리 뷰티,メディキューブ,【最大61%OFF】プラセンタセット／プラセンタコラーゲンクリーム 50ml,6175
2026-08-29,4,데일리 뷰티,フィー,【メガ割限定】エアリーメイクセット(下地 OR ミスト・ファンデ・リップ）,3680
2026-08-29,5,데일리 뷰티,ナンバーズイン,しずくちゃんと叶える理想肌セット,5670
2026-08-29,6,데일리 뷰티,VTコスメティックス,【8/29 0時~PDRN 2点限定特価】VTデイリーマスク (レチナール/ビタミンC/アスタキサンチン/CICA/PDRN/アゼライン酸/トラネキサム酸),1815
2026-08-29,7,데일리 뷰티,ロムアンド,【メガ割8/28-29限定 選べる1+1】 ハンオールブロウカラ / アイブロウ / 眉マスカラ / Qoo10 MEGA BEAUTY AWARDS 2025 3冠受賞,919
2026-08-29,8,데일리 뷰티,manyo,【メガ割限定】マニョからの美肌レター（全5種 グルタチオン ガラクナイアシン パンテトイン ビフィダ ロータス 美容液 化粧水 シートマスク クリーム セット）,4840
2026-08-29,9,데일리 뷰티,ダルバ,【全8種構成】トリュビタ透明肌&トリュフェロールバリアセット/透明感＆肌バリアケア/肌に合わせて選べるセット,6560
2026-08-29,10,데일리 뷰티,COSRX,【2026MBA上半期総合大賞1位】【大容量】【BEST】ザアルファアルブチン2ニキビ跡ケアセラム(50mL) /トラネキサム酸 ナイアシン RX,1885
2026-08-29,11,데일리 뷰티,アヌア,選べる美容液1+1セット,4480
2026-08-29,12,데일리 뷰티,メディキューブ,【SAEKO PICK! / GIFT付】ブースタープロX2 美顔器,28000
2026-08-29,13,데일리 뷰티,TFIT,[8/29 特価・限定GIFT] トランスルーセントセットパウダー 全4種 脂性肌/乾燥肌/テカリ/保湿パウダー/パウダー,1192
2026-08-29,14,데일리 뷰티,セラディックス,【8/28-30限定特価】【メガ割限定BOX】夏の甘い夢セット 全4種,5130
2026-08-29,15,데일리 뷰티,ABOUT TONE,"【メガ割限定先着GIFT】【新色09,10発売】コンシーラ発想の新感覚/スキンレイヤーフィットチーク全20色",1008
2026-08-29,16,데일리 뷰티,AESTURA,【メガ割初日特価//1位クリーム/洗顔&化粧水付き】 アトバリア 365 クリーム 80ml セット 保湿 セラミド エストラ AESTURA 公式 スキンケア,2499
2026-08-29,17,데일리 뷰티,Kopher,【ユウネコラボ】美肌を極める三種の神器,11248
2026-08-29,18,데일리 뷰티,バイオヒールボ,【Qoo10アワーズクリーム1位】【クリーム3つセット】朝ちゅる·夜タンセット3Dリフティングクリーム50ml+リフィル50ml+コラーゲンクリーム50ml,4232
2026-08-29,19,데일리 뷰티,COSRX,【メガ限定/選べる1+1】「ベストセラー2点セット」(アルファアルブチン2ニキビ跡ケアセラム &アルファアルブチンセラムデイリーシートマスク&ビタミンC23セラム 2世代 /RXシリーズ,3472
2026-08-29,20,데일리 뷰티,パーフェクトワンフォーカス,【最速最安値28%OFF】【VC7復活＆先着GIFT付！】【選べる2個セット】スムースクレンジングバーム ディープブラック［フォーカス 乳化不要 まつエクOK 化粧落とし 洗顔 パック ニキビ メガ割,4632
2026-08-29,21,데일리 뷰티,COSRX,【Qoo10先行発売】アルファアルブチンセラム デイリーシートマスク30枚/ニキビ跡ケア/シートマスク/パック/ナイアシンアミド,1988
2026-08-29,22,데일리 뷰티,スキンアンドラブ,"【化粧水1位】グルタチオントナー 200ml 純度99％セルフュソームグルタチオン3,000PPM配合 無臭 韓国スキンケア 化粧水 トナー",2072
2026-08-29,23,데일리 뷰티,VTコスメティックス,【メガ割最大69%OFF＋本品2点GIFT】秋のお出かけ美肌セット (レチナールペプチド/PDRN/ビタミンC/アゼライン酸/CICA/トラネキサム酸),5700
2026-08-29,24,데일리 뷰티,AESTURA,【初日特価/前回メガ割完売アイテム/インナードライにおすすめ/洗顔&化粧水付き】アトバリア365 ハイドロスージングクリーム 80ml クリーム セラミド ヒアルロン酸 AESTURA,2499
2026-08-29,25,데일리 뷰티,SKIN1004,【公式】センテラ スージング スペシャルセット / 美容液 / うるおい / 鎮静 / シートマスク / スージングクリーム / TECA / トナーパッド / 肌バリア / 韓国コスメ,4990
2026-08-29,26,데일리 뷰티,Cen24,【あやぱんコラボ】マデカ革命！！限定BOXセット / 単品 / 2本セット,4240
2026-08-29,27,데일리 뷰티,AESTURA,【数量限定/メガ割初日限定特価】水分チャージセット AESTURA エストラ アトバリア スキンケア 化粧水 乳液 クリーム Qoo10 限定,3580
2026-08-29,28,데일리 뷰티,TFIT,[限定GIFT] アイドルカバーコンシーラー 6.5g 全7色 /ニキビ跡カバー/ 肌荒れカバー / ニキビ/ クマ / 赤み/ シミ / スキンケア成分/コレクター/ 保湿成分新,1155
2026-08-29,29,데일리 뷰티,メディキューブ,【都 Pick / GIFT付】ゼロ毛穴パッド 70枚/155g,1920
2026-08-29,30,데일리 뷰티,ホイップド,【たまごちゃんコラボセット】肌悩み別ケアセット3種・スキンケア・洗顔・クレンジング・乾燥肌・敏感肌・脂性肌・インナードライ・保湿・毛穴,5120
2026-08-29,31,데일리 뷰티,バニラコ,【本日特価】 JEONGHAN PICK【クレンジングセットと1+1セットにブラシ贈呈】クレンジングバーム 180ml【選べる3種】 W洗顔不要 クリーンイットゼロ オリジナル 潤い 抹茶 毛穴ケア,3660
2026-08-29,32,데일리 뷰티,ラネージュ,【ベスコス125冠】 スリーピングマスク 朝映えルーティーンキット バウンシー ウォーター シカ 3種 保湿 乾燥 毛穴 ハリ ツヤ コラーゲン ヒアルロン酸,2772
2026-08-29,33,데일리 뷰티,トリデン,【8/28~8/29日替わり特価！さらにレフィル50ml贈呈】[大容量] ダイブインセラム 80ml 5D複合ヒアルロン酸 韓国1位セラム 従来比 2倍 強化 渡韓アイテム なぎ のべちゃん,2280
2026-08-29,34,데일리 뷰티,メディヒール,【公式】【ひかるコラボ】30枚マスク (NEWミルクブライトニング/PDRN/マデカッソシド/ティーツリー/ビタミンC/コラーゲン/ヒアルロン酸,2895
2026-08-29,35,데일리 뷰티,モラク,新色追加！！【2箱+1箱】(1箱10枚) MOLAK　モラク ワンデー 回らない 水光 カラコン [molak-1day][2+1][PI],1947
2026-08-29,36,데일리 뷰티,ByUR,【8/29限定特価!先着特典付】選べる2個セット デイリーアクアセラムマスク （グローブースト/プランプハニーV1/ビタギビングV1/スージンググリーンV1）スキンケア フェイス パック 毛穴パ,2904
2026-08-29,37,데일리 뷰티,celimax,【公式】 THEVITA レチナールショットタイトニングブースター 15ml / レチナールスポットクリーム / ハリ・弾力ケア,2128
2026-08-29,38,데일리 뷰티,Brighte,【約72％OFF！ごほうびナイトケアBOX付】【公式】美顔器 ELEKI LIFT / EMS エレキ リフトアップ 佐々木希アンバサダー,19800
2026-08-29,39,데일리 뷰티,UNOVE,丸岡えつこpick【パワパフコラボ】 ディープ ダメージ ヘアマスク 限定セット ヘアパック 大容量 ダメージケア ヘアケア トリートメント ヘアトリートメント アノブ,3917
2026-08-29,40,데일리 뷰티,スキンアンドラブ,【メガ割限定セット】秋肌のご褒美セット4種 [QooONLY/企画セット/スキンケアセット],4585
2026-08-29,41,데일리 뷰티,リジュラン,【ひかるコラボ】メガ割限定 ゴールドセット デュアルエフェクトアンプル 30mL アクティブクリーム 50mL PDRN 美容液 クリーム マスク 化粧水 セット 国内発送,7874
2026-08-29,42,데일리 뷰티,ヘトラス,【8/29限定特価】【公式】韓国1位 プレミアム大容量ディフューザー 500ml×2本[hetras/へトラス],2558
2026-08-29,43,데일리 뷰티,23yearsold,【MEGA】【限定GIFT】ダーマシンコンシーラー 5g 12種 / 薬局コスメ/ 肌荒れカバー/ニキビ跡カバー/ドクダミ成分,1264
2026-08-29,44,데일리 뷰티,Laka,8/28~30限定特価！【エスターバニーシール＆ミニティント贈呈】マジックリップフィクサー,1840
2026-08-29,45,데일리 뷰티,ラゴム,【24時間限定価格】【選べる2個セット】ジェルトゥウォーター クレンザー 220mL ピオーネ フレッシュライム シナモロール ジェル洗顔 朝洗顔 朝用洗顔 洗顔料 韓国 スキンケ,2990
2026-08-29,46,데일리 뷰티,Beauty of Joseon,【ユウネコラボ】【BOJ公式】 真夏のツヤ肌ケアセット・マスクパックセット / 赤小豆マスク / 米蜜マスクク / クレイパック / 赤小豆毛穴浄化マスク / 米サンクリーム,3160
2026-08-29,47,데일리 뷰티,メディヒール,【ひかるコラボ】【パックもりもりセット】エッセンシャルマスク50枚or70枚セット,5158
2026-08-29,48,데일리 뷰티,VTコスメティックス,【8/29 0時~ 100+300特価】NO.1 針美容液 リードルショット（オリジナル美容針/ニードルショット/導入美容液）,3070
2026-08-29,49,데일리 뷰티,ブランネイチャー,【1日セール+ランダムサンプルつき】【ニキビ1位】マジックティーツリーオイル 20ml5倍高濃縮ティーツリー成分／ニキビ超急速ケア／赤ニキビ・白ニキビ・大人ニキビ,1840
2026-08-29,50,데일리 뷰티,ブランネイチャー,【1日セール+ランダムサンプルつき】【ニキビ跡1位】マジックシカクリーム 60ml / 高濃縮カタツムリ配合 ニキビ跡 ニキビ 保湿 敏感肌,3400
2026-08-29,51,데일리 뷰티,FLIMEAL,【メガ割限定】がよんコラボセット,6160
2026-08-29,52,데일리 뷰티,TFIT,[8/29 特価・限定GIFT] こだわりのカバー 2点セット /企画セット/パウダー/コンシーラー/プライマー/毛穴隠し/崩れにくい/テカリ防止/メイクキープ/ニキビ跡/韓国コスメ/下地,2458
2026-08-29,53,데일리 뷰티,セラディックス,グリシルグリシン3.0ポアセラム 30ml,2720
2026-08-29,54,데일리 뷰티,ダルバ,【金木犀の香り】【日本・秋限定】金木犀ミスト100ml/ホワイトトリュフファーストスプレーセラム 100ml ミスト/化粧水/保湿/栄養,2560
2026-08-29,55,데일리 뷰티,ロムアンド,【メガ割限定セール】 ザジューシーラスティングティント 全36色 / リップ / ティント 【豆乳カラーコレクション追加】,999
2026-08-29,56,데일리 뷰티,PERFECT DIARY,【ヘアメイク小田切ヒロ POPUP PICK！】先行発売！ UV パウダー メイクキープUP MEGA BEAUTY AWARDS パウダー 3位 ルースパウダー,1650
2026-08-29,57,데일리 뷰티,ダルバ,【8/29特価】【ギフト贈呈】【選べるUV下地5種】トーンアップサンクリーム 50ml 5種 SPF50+PA++++/肌悩みに合わせて選べる5種/日焼け止め/化粧下地/メイク崩れ防止,2640
2026-08-29,58,데일리 뷰티,ウェイクメイク,【公式】【新色】【8/29特価】ソフトブラーリング アイパレット ／無双確定アイパレット／ 神パレット ／アイシャドウパレット,2152
2026-08-29,59,데일리 뷰티,アイオペ,【8/29限定特価＋ギフト】【選べる4種】IOPE 高機能美容液シリーズ( PDRN カフェイン ショット / レチジェクションセラム / ビタミンC エキスパート25% / XMDセラム),6528
2026-08-29,60,데일리 뷰티,メイクプレム,【ヒョクファイナルBOX 好評販売中】【Hyuk共同開発】N+プライムシートマスク&スキンソフナー NMN NAD EGF フラーレン ペプチド シワ・くすみケア エイジングケア,4312
2026-08-29,61,데일리 뷰티,OLENS,【新色登場】【２＋１箱】【メガ割！３箱購入で１箱分無料】【Qoo10先行】レインモア 韓国 カラコン 1day 水光 1箱10枚入 レインモカ グローイティア レインブラック ビッググローイ,3520
2026-08-29,62,데일리 뷰티,イズエンツリー,【たっぷり300ml】超低分子ヒアルロン酸トナー NCT JAEMIN PICK！インナードライ 3秒水分チャージ 乾燥肌 混合肌 保湿 さっぱり 潤い,1856
2026-08-29,63,데일리 뷰티,FOODOLOGY,【メガ限定！増量企画】【2個セット】コレオロジーカットゼリー 12本/10本/7本/ダイエットゼリー/コレオロジーカットPRO30錠（ダイエット＋食後習慣＋炭水化物＋快調）,4071
2026-08-29,64,데일리 뷰티,manyo,【manyo公式】ガラクナイアシン3.0エッセンス 30mL 60mL ブライトニング 毛穴 肌キメ 高濃縮美容液 韓国コスメ スキンケア ma:nyo,2384
2026-08-29,65,데일리 뷰티,SKIN1004,【公式/選べる1+1/全種類】同容量アンプル1+1セット / 美容液 / セラム / センテラ / ヒアルロン酸 / ティーツリ / カーミング / うるおい / 保湿 / 毛穴ケア,3602
2026-08-29,66,데일리 뷰티,コスノリ,Qoo10限定！【脱色 5回分】イージーブロウトーンチェンジャー / イージーブロウムードチェンジャー / 単品・2点セット / ブリーチ / 眉毛脱色,2240
2026-08-29,67,데일리 뷰티,エイプリルスキン,【さくら Pick / GIFT付】カロテンIPMP ブレミッシュセラムパックパッド 80枚 / 肌温度-8.2度,2160
2026-08-29,68,데일리 뷰티,ナンバーズイン,【数量限定・しずくちゃんGIFT】選べるバブルパック1+1セット,2701
2026-08-29,69,데일리 뷰티,スキンフード,【毛穴ナラPICK！パッド1＋1／9月メガ割期間限定ギフト付き】独自の分厚いふき取りトナーパッド全13種,3120
2026-08-29,70,데일리 뷰티,ヘトラス,【8/29限定特価】【公式】ダブルショットパフュームボディミスト ボディスプレー 120ml 5種 [hetras/ヘトラス],2840
2026-08-29,71,데일리 뷰티,CNP Laboratory,【公式】【ヘアメイク小田切ヒロPOPUP PICK】 CNP TXA PDRNブライトニングブースターアンプル 30ml / 美容液 / ツヤ肌 / 保湿 / スキンケア,2567
2026-08-29,72,데일리 뷰티,Kopher,【毛穴ナラコラボ】毛穴リペア集中セット,6764
2026-08-29,73,데일리 뷰티,YUNJAC,【00時・10時・17時 限定特典あり/MIZUKI PICK】スキンパーフェクティング プロテクティブ ベースプレップ 25ml /プライマー/化粧下地/ベースプレップ/メイクキープ/密着,2795
2026-08-29,74,데일리 뷰티,TFIT,[限定GIFT] アートプライマー 30ml 全5種 /毛穴カバー/保湿/トーンアップ/グロウ/下地/日焼け止め/水分/プライマー/毛穴隠し/ツヤ/化粧ノリ/メイクノリ/メイク崩れ,1309
2026-08-29,75,데일리 뷰티,モラク,新色販売中【2+1】モラクワンデー10枚入り 2箱+1箱おまけ付き カラコン 度なし 度あり カラーコンタクトレンズ 1day 宮脇咲良,1939
2026-08-29,76,데일리 뷰티,バイオヒールボ,"【全4種・メが割限定ボックス/秋灯が誘う, 美肌の街 】ハリ貯金セット/毛穴レスちゅる肌セット/発光ツヤ肌セット/朝ちゅる夜タン プレミアムセット",6190
2026-08-29,77,데일리 뷰티,ミルクタッチ,【新発売 / 公式 / 8/1~】 シルバーベールティッシュオフリップタトゥー 6種,1338
2026-08-29,78,데일리 뷰티,BnD,【8/28~8/30 限定特価!】 デリケートゾーン 黒ずみ クリーム ナイアシンアミド 公式 ビーエヌディー アンダーアームクリーム 100g,2969
2026-08-29,79,데일리 뷰티,メディキューブ,【ぜろぷりs Pick!】【最大53%OFF】選べる美容液1＋1セット,3320
2026-08-29,80,데일리 뷰티,celimax,【8/29(土)1日特価】【公式】レチナールショットタイトニングデュアルクリーム50ml 攻めのレチナール × 守りのパンテノールWケア！,2472
2026-08-29,81,데일리 뷰티,celimax,【華世 コラボ】【公式】レチナール滑り台ツヤ肌セット 2種（レチナールデビューセット／華世ルーティンケアセット）,4103
2026-08-29,82,데일리 뷰티,ファンケル,【メガ割数量限定】【選べるセット】マイルドクレンジングオイル3本/マイルドクレンジングオイル1本＋レフィル2袋セット [クレンジング マイクレ 無添加 毛穴 メイク落とし] 120,4472
2026-08-29,83,데일리 뷰티,Demaf,【白身ちゃんコラボ】 最大62%OFF ディマーフスキンケアセット (鎮静バリア/うるおい/クレンジング),6800
2026-08-29,84,데일리 뷰티,ルナ,【韓国発送】【LUNA公式】コンシールブレンダーパレット単品&企画セット(全4色),1880
2026-08-29,85,데일리 뷰티,ABOUT TONE,【メガ割限定先着GIFT/フィクサー650円！】#ビジュ維持ファンデ/崩れない仕上がり/スキンレイヤー フィットファンデーション全8色,1996
2026-08-29,86,데일리 뷰티,SKIN1004,【公式】センテラアンプル 55ml / 100ml / マダガスカル産CICA ベース美容液 55ml / 鎮静 / 低刺激 / ゆらぎ肌ケア / 赤みケア,1900
2026-08-29,87,데일리 뷰티,ドクタージー,【最大53%・GIFT】レッドクリーム特集（2点セット/スージング/トラネキサム酸/バクチオール/保湿）,2860
2026-08-29,88,데일리 뷰티,モラク,新色先行発売！【2+1】1箱分無料【SHOPクーポン発行中】3箱セット カラコン ワンデー 宮脇咲良 回らない水光カラコン 14.2mm　14.5mm　韓国 水光　ML110 PIA,2253
2026-08-29,89,데일리 뷰티,VTコスメティックス,【8/28 17時~数量限定 現品GIFT付き】選べるクレンジングオイル1+1 ( アゼライン酸 AZケア / セラミド / グルタチオン / 洗顔オイル),1694
2026-08-29,90,데일리 뷰티,アヌア,PDRN ヒアルロン酸カプセル100 セラム 30ml / 50ml (単品/セット),2560
2026-08-29,91,데일리 뷰티,コスメデコルテ,【フェイスパウダーランキング第1位獲得！】人気NO.1 ルースパウダー,3499
2026-08-29,92,데일리 뷰티,ラルム,1MONTH　ラルムメルティシリーズ (1箱2枚入り) シリーズ初の軸固定・回らない水光カラコン！,1188
2026-08-29,93,데일리 뷰티,ByUR,【8/29限定特価!GIFT付】セラムフィット ルースフェイスパウダー （クリア/パール/モイストクリア/モイストパール）ベースメイク パウダー ルースパウダー,1684
2026-08-29,94,데일리 뷰티,OZA SODA,【ピーチ新登場】【まとめ買いがお得】強炭酸水 500ml 48本 2箱 選べるフレーバー シリカ ラベルレス 強炭酸 炭酸水 OZA SODA LIFEDRINK 無糖 プレーン レモン ライム,1999
2026-08-29,95,데일리 뷰티,ヘトラス,【hichon コラボ】暮らしを彩るフレグランスセット/ディフューザー/ハンドソープ/ボディソープ/メガ割 [hetras/ヘトラス],5154
2026-08-29,96,데일리 뷰티,ビープレーン,【3日間限定クーポン＆GIFT】2個セット 緑豆 クレンジングライン （洗顔フォーム/ミルクバーム/クレイパック/オイル）,2784
2026-08-29,97,데일리 뷰티,メディキューブ,【にじさんじ PICK!・専用ケース贈呈・最大54% OFF】選べるトナーパッド1+1セット,3351
2026-08-29,98,데일리 뷰티,JUDYDOLL,【8/26 0:00~プレメガ割 割引／公式】メリハリマスターパレット 4色,1588
2026-08-29,99,데일리 뷰티,ペリペラ,【BEST】ムードグロイティント（全27色）水膜ちゅるリップ／ちゅる桃リップ,1112
2026-08-29,100,데일리 뷰티,トゥヴェール,【ベストセラーセット】選べる3点セット 毛穴ケアor肌バリアケア 毛穴 皮脂 テカリ 肌荒れ 保湿 アゼライン酸 レチノール セラミド 脂性肌 乾燥肌 敏感肌 ゆらぎ,6835
2026-08-29,101,데일리 뷰티,COSRX,【リニュアル】【NOニオイ】ザ・ビタミンC23セラム 2世代(20g) / 生ビタミンC / 純粋ビタミンC / 透明感のある肌 / 無香料 / RX / 美容液,2010
2026-08-29,102,데일리 뷰티,リジュラン,【土屋可奈コラボ】メガ割限定 1+1 ターンオーバーアンプル 30mL / 50mL 選べるサイズ 2個セット PDRN 美容液 韓国コスメ スキンケア 国内発送 【公式】,7168
2026-08-29,103,데일리 뷰티,crassiang,3cmミルクブラセット 無地 ノンワイヤーブラ・ショーツ上下セット [4カラー],3184
2026-08-29,104,데일리 뷰티,OLENS,【新色登場】【1箱】【メガ割！MAX３３％OFF】【Qoo10先行】レインモア 韓国 カラコン 1day 水光 1箱10枚入 レインモカ グローイティア レインブラック ビッググローイ,1394
2026-08-29,105,데일리 뷰티,2ªN,【公式】【GIFT】ベターミーアイパレット22種,1760
2026-08-29,106,데일리 뷰티,ミジャンセン,【メガ割スタート特価】【選べる2点】サロン10 ペプチドリペアヘアケアセット / ダメージヘアケア シャンプー トリートメント セット ヘアオイル ヘアミスト ヘアセラム ヘアミルク,2750
2026-08-29,107,데일리 뷰티,ミルクタッチ,【 新カラー5種発売 / 公式 / 8/28~】 #こんにゃくゼリーティント ジェリーフィットティンティッドグロウティント 全16色,1248
2026-08-29,108,데일리 뷰티,2ªN,【公式】【GIFT】デュアルチーク 20種,1496
2026-08-29,109,데일리 뷰티,ソーナチュラル,[たけたろうPick!] メイクアップ セッティング フィックス ミスト 75ml（5種選択1）/ メイクフィクサー / メイクキープミスト / 崩れ防止,2112
2026-08-29,110,데일리 뷰티,ブイディーエル,LDK1位大人気トーンアップ下地【日本公式】トーン　ステイン カラー コレクティングプライマー 30ml (カラー下地トーンアップ全5色）,2384
2026-08-29,111,데일리 뷰티,Malone,【公式】マロンバーゼロ 35000回 使い捨て電子タバコ ニコチン0・タール0 水蒸気シーシャ ベイプ 本体 全11種フレーバー,3200
2026-08-29,112,데일리 뷰티,FOODOLOGY,【2個セット】【ダイエットサポート】コレオロジーカットPRO 120錠(60日分) (体脂肪+血糖値+炭水化物ケア・サポート)/1ヶ月セット/カットゼリー/単品,5344
2026-08-29,113,데일리 뷰티,メディキューブ,【スプレーヘッド GIFT】コウジ酸ビタナイアシントナー250ml,1840
2026-08-29,114,데일리 뷰티,メディキューブ,【8/29限定特価】【最大53％OFF】選べる化粧水1+1セット,2697
2026-08-29,115,데일리 뷰티,アヌア,選べるベストマスクパック(7枚入り/30枚入り/コラーゲンマスク),2080
2026-08-29,116,데일리 뷰티,ByUR,【8/29限定特価!GIFT付】セラムフィット クッション ファンデーション （グロー / シルキーヌード / グローリフィル）ベースメイク ファンデーション クッションファンデ,2144
2026-08-29,117,데일리 뷰티,ミルボン,"【2本セット 3,490円！SHOPクーポン＋メガ割適用で最安値挑戦!】[2本セット] ディーセス エルジューダ 洗い流さないトリートメント 選べる各種2本[ランキング1位獲得]",3999
2026-08-29,118,데일리 뷰티,ラネージュ,【スパチュラGift/新フレーバー追加】リップスリーピングマスク 朝映えリップ 翌朝ぷるん唇 潤い ビタミンC ココナッツオイル シアバター EX 20g リップシリーズ,1774
2026-08-29,119,데일리 뷰티,Sung Boon Editor,【2個セット】【毛穴1位】グリーントマト NMN ポア リフティング アンプル40ml,2200
2026-08-29,120,데일리 뷰티,トゥークールフォースクール,【公式/新色】【1+1選択可能】涙袋 フロッタージュペンシル/アートクラス/涙袋ペンシル/アイシャドウ/チーク/中顔面短縮/too cool for school,1199
2026-08-29,121,데일리 뷰티,トリデン,【8/28 17:00~ 】紗栄子PICK メガ割限定肌悩み別スキンケアセット ダイブイングロウセット・バランスフルシカセット・ビタCセット SAEKO,4320
2026-08-29,122,데일리 뷰티,ラルム,【もれなく1箱無料！】LARME ラルムシリコンハイドロゲル WモイストUV & モイスチャーUV 回らない水光　軸固定 カラコン(1箱10枚入り),2816
2026-08-29,123,데일리 뷰티,Sung Boon Editor,【リニューアル】【透明感/ニキビ跡】 アクティブマリン アスタキサンチン カプセル セラム40ml,2280
2026-08-29,124,데일리 뷰티,フランミー,【軸固定カラー在庫復活！＆新色登場】【１箱】メガ割【クーポンにて3箱購入で１箱分無料】２＋１ シュガーチュロス ビターチュロス カラコン ワンデー 10枚入 度あり ミルクプリン アールグレイパフェ,1437
2026-08-29,125,데일리 뷰티,リジュラン,【KAYOコラボ メガ割限定セット】【公式】PDRN ポアタイトニング アンプル 30mL トナーパッド 60枚 ゲルマスク セット 毛穴ケア 美容液 韓国コスメ 低刺激 敏感肌,4937
2026-08-29,126,데일리 뷰티,lily eve,【メガ割限定特典付き／2本 or 3本セット】グローターンエクソソームヘアアンプル100ml／元祖ブラシ頭皮アンプル／ふんわりアンプル／ヘアエッセンス／ヘアケア／頭皮ケア／ふんわりケア,4400
2026-08-29,127,데일리 뷰티,hince,【8/28~29限定！NEWクッションミニ贈呈】ヌーグロウホワイトクッション #ヒアルツヤ / カバーマスターピンク / メッシュマット / グロウクッションファンデーション(4種),2253
2026-08-29,128,데일리 뷰티,アヌア,アゼライン酸15 インテンスカーミングセラム 30ml,2240
2026-08-29,129,데일리 뷰티,メディキューブ,【ウサギヘッド付】ブースタープロ / 美顔器,19800
2026-08-29,130,데일리 뷰티,LIVELING,【メガ割限定】さくらコラボセット,4360
2026-08-29,131,데일리 뷰티,サミュ,【サミュｘAKINA】【 8月28日17:00～9月9日23:59まで】メガ割限定コラボ「AKINA厳選コレクション」先着ギフトあり 毛穴ケア　乾燥ケア　クリーム　化粧水　美容液　シートマスク,10718
2026-08-29,132,데일리 뷰티,バイタルビューティー,【メガ割限定】【30+20日分】メタグリーンスリムアップ 30日分+20日分 メガ割史上初の構成! l ボディバランスサプリ カテキン パントテン酸,3316
2026-08-29,133,데일리 뷰티,FOODOLOGY,【3個セット】【食後ダイエットゼリー】コレオロジーカットゼリー 30本（ダイエット＋食後習慣＋炭水化物）/1ヶ月セット/カットゼリー10本/快調ゼリー/アサビゼリー,5344
2026-08-29,134,데일리 뷰티,エイプリルスキン,[8/29~30 特価]【鹿の間 & みなみ Pick / メガ割限定】メイク直し卒業セット / ヒーロークッション 2.0 12g 本品+レフィル (SPF 50+ / PA++++),3792
2026-08-29,135,데일리 뷰티,Dr.Melaxin,【話題のアイクリーム】カルシウム ボンディング アイクリーム/ メラCEフェルリックアイクリーム 15g (単品/セット),2240
2026-08-29,136,데일리 뷰티,Lorenia,「メガ割限定豪華GIFT」Lorenia 次世代まつ毛美容液 シカ袋角幹細胞エクソソーム配合 昼夜Wケア 大容量10ml まつ毛のハリ・コシ・長さ 目元集中ケア,4103
2026-08-29,137,데일리 뷰티,THE ANSWER,【公式】メガオシセット／THE ANSWER シーズナルAW/melt　ディープ／花王 Kao,2992
2026-08-29,138,데일리 뷰티,フィー,【8/28 17:00 ~ 9/1 特価クーポン発行！】 スパUVトーンアップベース(01エアリーピーチ・02エアリーラベンダー・01グロウ・02リッチグロウ),1748
2026-08-29,139,데일리 뷰티,manyo,【manyo公式】めめろんコラボ 白玉肌セット（ガラクナイアシン3.0エッセンス グルタチオンセブンダークスポットセラム ),3600
2026-08-29,140,데일리 뷰티,ティルティル,【本日特価 / 新作発売商品GIFT付き】TIRTIR クッションシリーズ6種［ティンティッドスキングロウ ルビーメッシュ AIフィルター レッド クリスタルメッシュ オールカバー クールサン］,2280
2026-08-29,141,데일리 뷰티,メディヒール,【公式】【メガ割限定】【華世コラボ】肌コンディションふっかつセット (PDRN /マデカッソシド),4209
2026-08-29,142,데일리 뷰티,SKIN1004,【公式】選べるTECA3種セット / センテラ/ TECA / 美容液 / クリーム / コフレ / セット / 化粧水,4060
2026-08-29,143,데일리 뷰티,ダルバ,【8/29特価】【秋限定・金木犀セット】【売れ筋No.1 神コンビ】ミスト×UVの最高コンビ 美肌セット/ダルバ公式おすすめ/【夏の必需品】/相性抜群コンビセット,4000
2026-08-29,144,데일리 뷰티,murav,スノーライン6点セット- バブルトナー/セラム/ クリーム/ミルククレンザー/フォームクレンザー/サンクリーム,16300
2026-08-29,145,데일리 뷰티,ミジャンセン,【メガ割限定】【kittsエコバッグ贈呈】サロン10 ペプチドリペアヘアケア おすすめ3個セット シャンプー トリートメント セット ヘアミルク ヘアマスク ヘアオイル,4500
2026-08-29,146,데일리 뷰티,ビープレーン,【オリジナルトレカ1枚付き！】超特急 カイさんコラボ 緑豆毛穴クレンジングセット （洗顔フォーム/クレンジングバーム/クレイパック）【直筆サイン抽選】,2984
2026-08-29,147,데일리 뷰티,エチュード,【ロングタイプ新登場！】[最短翌日お届け] カールフィックスマスカラ ウォータープルーフ　束感　ロング　ボリューム　ブラック　ブラウン　カール　スキニー,1280
2026-08-29,148,데일리 뷰티,SHIMBI METHOD,リポグルタC 15包×4 白玉インナーケアセット シンビメソッド,10909
2026-08-29,149,데일리 뷰티,バイオヒールボ,【NARAコラボ/先着マスク5枚GIFT】隙間なし保湿コラボセット / PLGAセラム企画 / BOH入門セット or 隙間なし保湿セット / ナラ コラボ,3980
2026-08-29,150,데일리 뷰티,TFIT,[限定GIFT] 爆盛れベースメイク3点セット /企画セット/クッションファンデ/フェイスパウダー/下地/プライマー/崩れにくい/サラサラ/カバー力/テカリ防止/パウダー,5082
2026-08-29,151,데일리 뷰티,BnD,【BnD×鈴木亜美】 鈴木亜美コラボ ボディケア オールインワン 3点セット,6368
2026-08-29,152,데일리 뷰티,Kopher,【丸岡えつこ Pick】選べる人気商品1+1セット,4332
2026-08-29,153,데일리 뷰티,Cen24,8/28 17時～先着パックGIFT！【公式】お肌タイプに合わせて選べるクリーム1+1 / 好みで選べるクリーム7種 / お守りクリーム / 水分クリーム / 保湿クリーム,3440
2026-08-29,154,데일리 뷰티,Laka,【ミニティント贈呈】サンシールドグローイーチーク SPF50+ PA++++（11色）,1672
2026-08-29,155,데일리 뷰티,One-day's you,8/28特価【公式】【メガ割限定】【限定GIFT】【累計4.7億枚突破】ダクトパッド企画セット 合計190枚（本品＋詰め替え*2個＋携帯用10枚）,2706
2026-08-29,156,데일리 뷰티,Kopher,【ひぃこコラボ】うるちゅるたまご肌セット,6840
2026-08-29,157,데일리 뷰티,manyo,【Ｗクーポンで半額！】manyoベストセラークレンジング1＋1 ピュアクレンジングオイル ソーダ洗顔料 ピュアクレンジングバーム,1504
2026-08-29,158,데일리 뷰티,Balance Flow,【韓国で人気】レトックスライン / レモン酵素 / ダイエットサプリ / ダイエット / 乳酸菌・ビタミンC補給サプリ・UV/　1ヶ月分 メガ割,2792
2026-08-29,159,데일리 뷰티,dear Klairs,【リラックマコラボ】【限定プレゼント付き】超お得！ビタミン・ブルーセット（8.28~9.9限定）,4992
2026-08-29,160,데일리 뷰티,ilso,【Hyuk Pick】スーパーメルティングセバムソフトナー 企画セット /毛穴ケア／黒ずみ／ピーリング／いちご鼻,2500
2026-08-29,161,데일리 뷰티,ジョンセンムル,【~8/29 09:59まで限定特価】エッセンシャルスキンヌーダークッション(本品/本品+レフィル/限定企画),3900
2026-08-29,162,데일리 뷰티,ティルティル,【GIFT付き/本日特価！】1+1 マスクフィットトーンアップシリーズ　ノーファンデ / 化粧下地 / 日焼け止め,2180
2026-08-29,163,데일리 뷰티,クリオ,【BEST】キルカバー ファンウェア クッション(本品＋レフィル),2400
2026-08-29,164,데일리 뷰티,ASUNE,メガ割限定 毛穴 肌荒れケア スキンケアセット バンブートナー バンブーAセラム ハートリーフマスク30枚入り バンブートナーマスク7枚入り×2 新商品 中町綾プロデュース 韓国コスメ,6986
2026-08-29,165,데일리 뷰티,アビブ,"【公式】NEW ヒアルロニック登場！シートマスクデイリーピック 30枚, 1+1 SET/ヒアルロニック/グルタチオン/復活草/ドクダミ/大容量パック",3200
2026-08-29,166,데일리 뷰티,UNOVE,メガ割限定【パワパフコラボ】シャンプートリートメントセット 各500ml ボトル 詰め替え ヘアケア コンディショナー シャンプー シャンプートリートメント シャントリ アノブ,2874
2026-08-29,167,데일리 뷰티,BBIA,【メガ割限定GIFT】【NEW】中顔面縮小！涙袋ペンシル全7色,1008
2026-08-29,168,데일리 뷰티,アヌア,ビタミン10 PORESTRIX セラム 20ml,2240
2026-08-29,169,데일리 뷰티,SHIMBI METHOD,【白身ちゃんコラボ】浴びる！本気の美白ケアセット,6140
2026-08-29,170,데일리 뷰티,soaddicted,【公式ショップ×メガ割】ラッシュアディクト アイラッシュコンディショニングセラム アドバンス 5ml まつ毛美容液 　まつげ美容液　正規品,8800
2026-08-29,171,데일리 뷰티,AESTURA,【メガ割初日特価/1位ミスト/ 高濃度セラミド/無香料】 アトバリア365 セラミド クリームミスト 120ml セラミド 化粧水 ミスト化粧水 インナードライ スプレー,1940
2026-08-29,172,데일리 뷰티,アヌア,選べるトナー10種 自然由来（ドクダミ/桃/ライス/シラカバ) ダーマ(バリア/PDRN/ビタミン/アゼライン酸/TXA/BHA),2120
2026-08-29,173,데일리 뷰티,セルフュージョンC,【Nana共同開発】 ビタクーリングパッド70枚 /肌トーン/ブライトニング/クーリング/スキンケア/トナーパッド/クーリング,3427
2026-08-29,174,데일리 뷰티,シード,メガ割！シード ワンデーピュア うるおいプラス 96枚入2箱,8199
2026-08-29,175,데일리 뷰티,CNP Laboratory,【公式】【土屋可奈さんPick 選べるブースター・マスクパックセット】CNPインビジブルピーリングブースターエッセンス 100ml /角質ケア/低刺激,4480
2026-08-29,176,데일리 뷰티,アヌア,アヌアレチノール0.3ナイアシン リニューイングセラム 30ml,2560
2026-08-29,177,데일리 뷰티,トゥークールフォースクール,【公式/新色_3Color】アートクラススマージングアンダーライナー/アイライナー/アートクラス/涙袋ライナー/アイライン/too cool for school,1199
2026-08-29,178,데일리 뷰티,トゥヴェール,【アゼライン酸】 毛穴ケア特化型 化粧水 バランシングGAローション 100mL 選べる2タイプグリシルグリシン アゼライン酸誘導体,1663
2026-08-29,179,데일리 뷰티,アヌア,ドクダミ ポアコントロール クレンジングオイル 200ml (ボトル/リフィル),1840
2026-08-29,180,데일리 뷰티,PERFECT DIARY,【NEW先行発売】新色#01 メイクキープUP セッティング パウダー 酸化防止カラーロック ルースパウダー 大人気,3168
2026-08-29,181,데일리 뷰티,ヘトラス,【8/29限定特価】【公式】ヘッドスパシャンプー&トリートメント 選べる 低刺激 大容量 ヘアケア1013ml [hetras/へトラス],2144
2026-08-29,182,데일리 뷰티,メディキューブ,【せよ Pick! / GIFT付】グリシルグリシンPORETIGHT10セラム 30ml,2320
2026-08-29,183,데일리 뷰티,ロムアンド,【金額条件達成でメガ割限定キーリング付き】 ジューシーフラッシュリップオイル 全12色,1129
2026-08-29,184,데일리 뷰티,スキンアンドラブ,【GIFT付き】【白玉】TXナイアシンエッセンストナー 200ml トラネキサム酸3％配合！ダークスポットケアで透明感あふれる明るい肌へ,2072
2026-08-29,185,데일리 뷰티,Sung Boon Editor,【かしゆいコラボ】【先着ギフト】メガ割限定スペシャルセット/グリーントマトNMN美容液＋ブラックヘッドパッド＋トナー＋パット,4160
2026-08-29,186,데일리 뷰티,ブランネイチャー,【1日セール+本品ギフト】ニキビ&ニキビ跡ケア2種セット（マジックティーツリーオイル＋マジックシカクリーム）トラブルケア 4種おすすめ,4880
2026-08-29,187,데일리 뷰티,ペリペラ,【ティント現品贈呈】【NEWカラー】オールテイクムードパレット24AD（全11種）ポーチにすっぽり / 持ち歩き手軽なパレット / 涙袋 / グリッター / パール / シマー,1672
2026-08-29,188,데일리 뷰티,Cen24,8/28 17時～特価 ＆ 先着GIFT！TAEHYUN PICK！【公式】マデカクリームタイムリバース50ml / トータルケア 【この1本で保湿感たっぷり潤い・ハリ・毛穴ケア！】センテラ 敏感肌,1940
2026-08-29,189,데일리 뷰티,malunmalun,【1箱】【新色登場】水光カラコン ワンデー 10枚入 度あり 度なし ルナリアブラウン ルナリアグレー ルナリアオリーブ ルナリアピンク,1394
2026-08-29,190,데일리 뷰티,パーフェクトワンフォーカス,【メガ割22%OFF特価】【VC7復活＆先着！単包パック2枚付】【選べる単品】新作ニキビケアバームも販売中 スムースクレンジングバーム ディープブラック［フォーカス 乳化不要 まつエクOK 化粧,2316
2026-08-29,191,데일리 뷰티,AESTURA,【メガ割初日特価/セラミド+ナイアシンアミド配合】 アトバリア365 エマルジョン 150mL 乳液 保湿 インナードライ ローション エストラ AESTURA,2499
2026-08-29,192,데일리 뷰티,SELFIT,【白身ちゃんコラボ】チョコ×パイン酵素 よくばりW酵素セット ダイエットサプリ インナーケア 炭水化物分解／グルテン分解／脂肪分解,11200
2026-08-29,193,데일리 뷰티,アヌア,【8/29(土)特価】【新発売】Barrier Reboot ピーリングセラム 50ml,2320
2026-08-29,194,데일리 뷰티,アキュビュー,ワンデーアキュビューディファイン モイスト 30枚入り 6箱（カラコン 1day 1ヶ月 分 ワンデー コンタクトレンズ コンタクト カラーコンタクト 度あり ワンデーアキュビューモイスト アキュビュ,14899
2026-08-29,195,데일리 뷰티,ダルバ,[NEW 2週間トライアルキット]【GIFT】【サロン級ヘアケア】プロフェッショナルリペアリングヘアパフュームセラム 50ml /100ml/ ヘアオイル セラム75ml ヘアミスト,1200
2026-08-29,196,데일리 뷰티,ビープレーン,【3日間限定クーポン＆初日限定GIFT】緑豆クレンジング 選べる3個セット（洗顔フォーム/クレンジングミルクバーム/クレイパック）,4274
2026-08-29,197,데일리 뷰티,SKIN1004,【公式・まとめ買い】センテラ ライトクレンジングオイル 200ml / クレンジング / メイク落とし / 洗顔 / 低刺激 / 洗顔料,2894
2026-08-29,198,데일리 뷰티,アヌア,【最大54%OFF】選べるクレンジング8種1+1セット,2880
2026-08-29,199,데일리 뷰티,LIVELING,【公式】NEWパインアップル味発売!ライブリングアサビクレンズ 15ml x 30ea（7種 択1）糖質カット/食べ過ぎ抑制/ビネガー/1日2包/健康飲料/韓国,2812
2026-08-29,200,데일리 뷰티,ナンバーズイン,【20枚・MARIEコラボ】2種選べる！シートマスク大容量セット,3598
